"ID","Team","Title","Description","Status","Estimate","Priority","Project ID","Project","Creator","Assignee","Labels","Cycle Number","Cycle Name","Cycle Start","Cycle End","Created","Updated","Started","Triaged","Completed","Canceled","Archived","Due Date","Parent issue","Initiatives","Project Milestone ID","Project Milestone","SLA Status","Roadmaps"
"PAL-66","Platformer","Increase stair probability every round",,"Todo",,"No priority","bd6f42fb-a054-4a32-88f1-c4bd17f691b6","Platformer App","dallinlane@gmail.com","dallinlane@gmail.com","",,,,,"2025-02-13T13:39:52.008Z","2025-02-13T13:39:52.008Z",,,,,,,"PAL-32","","072ecf6e-e7f8-438b-ba64-5c34cb970f0b","Difficulty Scaling",
"PAL-65","Platformer","[Sprites] Add Sprite for Waystone","'- [ ] Sprite for the waystone","Todo",1,"No priority","bd6f42fb-a054-4a32-88f1-c4bd17f691b6","Platformer App","dallinlane@gmail.com","dallinlane@gmail.com","",,,,,"2025-01-03T00:00:48.612Z","2025-01-03T00:59:57.530Z",,,,,,,"PAL-36","","8075af54-fe63-49d0-9366-69e5ee198118","Sprites",
"PAL-64","Platformer","[Sprites] Add Sprite for Trap","'- [ ] Add a cage trap sprite","Todo",2,"No priority","bd6f42fb-a054-4a32-88f1-c4bd17f691b6","Platformer App","dallinlane@gmail.com","dallinlane@gmail.com","",,,,,"2025-01-03T00:00:42.920Z","2025-01-03T00:59:48.712Z",,,,,,,"PAL-36","","8075af54-fe63-49d0-9366-69e5ee198118","Sprites",
"PAL-63","Platformer","[Sprites] Add Sprites for Tiles","'- [ ] Add stair sprites and block sprites
- [ ] blowup animation for the sprites if they hit the monster","Todo",2,"No priority","bd6f42fb-a054-4a32-88f1-c4bd17f691b6","Platformer App","dallinlane@gmail.com","dallinlane@gmail.com","",,,,,"2025-01-03T00:00:36.215Z","2025-01-03T00:59:42.835Z",,,,,,,"PAL-36","","8075af54-fe63-49d0-9366-69e5ee198118","Sprites",
"PAL-62","Platformer","[Sprites] Add Sprites for Background (Ground & Clouds)","'- [ ] Add sprites for the ground (blocks)
- [ ] Add a background wall paper
- [ ] Possibly add flowers or trees
- [ ] Possibly add a castle at the end of the game
- [ ] Add clouds, & randomly show the clouds","Todo",3,"No priority","bd6f42fb-a054-4a32-88f1-c4bd17f691b6","Platformer App","dallinlane@gmail.com","dallinlane@gmail.com","",,,,,"2025-01-03T00:00:28.264Z","2025-01-03T01:38:18.804Z",,,,,,,"PAL-36","","8075af54-fe63-49d0-9366-69e5ee198118","Sprites",
"PAL-61","Platformer","[Sprites] Add Sprite for the Player (Also add Sprite In Next round screen)","'- [ ] Add the player sprite for walking 
- [ ] Ensure the player stops walking animation if it reaches then of the map
- [ ] Ensure the player stops walking animation if an obstacle is stopping it
- [ ] Make the player blow up, or glows if the monster catches it (make the tile fall on the player if it falls in the hole to end the level) - Possibly have the monster move over the player 
- [ ] Update icon in the next round screen
- [ ] Possibly Have the player go off the screen.","Todo",3,"No priority","bd6f42fb-a054-4a32-88f1-c4bd17f691b6","Platformer App","dallinlane@gmail.com","dallinlane@gmail.com","",,,,,"2025-01-03T00:00:20.360Z","2025-02-05T15:33:12.757Z",,,,,,,"PAL-36","","8075af54-fe63-49d0-9366-69e5ee198118","Sprites",
"PAL-60","Platformer","[Sprites] Add Sprite for the Monster","'- [ ] Add The monster, and it's walking animation
- [ ] Ensure the monster stops moving if its under the trap","Todo",2,"No priority","bd6f42fb-a054-4a32-88f1-c4bd17f691b6","Platformer App","dallinlane@gmail.com","dallinlane@gmail.com","",,,,,"2025-01-03T00:00:10.364Z","2025-01-03T00:59:18.458Z",,,,,,,"PAL-36","","8075af54-fe63-49d0-9366-69e5ee198118","Sprites",
"PAL-51","Platformer","[Difficulty Scaling] Ground speed","'- [ ] The ground will get a percentage faster every round","Todo",1,"No priority","bd6f42fb-a054-4a32-88f1-c4bd17f691b6","Platformer App","dallinlane@gmail.com","dallinlane@gmail.com","",,,,,"2025-01-02T22:18:20.848Z","2025-01-03T00:56:35.504Z",,,,,,,"PAL-32","","072ecf6e-e7f8-438b-ba64-5c34cb970f0b","Difficulty Scaling",
"PAL-36","Platformer","Create Sprites","1. Add Sprite for the Monster
2. Add Sprite for the Player (Also add Sprite In Next round screen)
3. Add Sprites for Background (Ground & Clouds)
4. Add Sprites for Tiles
5. Add Sprite for Trap
6. Add Sprite for Waystone","Todo",,"No priority","bd6f42fb-a054-4a32-88f1-c4bd17f691b6","Platformer App","dallinlane@gmail.com","dallinlane@gmail.com","",,,,,"2025-01-01T23:37:00.981Z","2025-01-09T19:37:59.939Z",,,,,,,,"","8075af54-fe63-49d0-9366-69e5ee198118","Sprites",
"PAL-32","Platformer","Difficulty Scaling","1. Increase the frequency of the tiles. 
2. Increase the depth of the tiles
3. The ground also needs to get slightly faster every turn","Todo",,"No priority","bd6f42fb-a054-4a32-88f1-c4bd17f691b6","Platformer App","dallinlane@gmail.com","dallinlane@gmail.com","",,,,,"2025-01-01T22:15:47.217Z","2025-02-13T13:39:52.008Z",,,,,,,,"","072ecf6e-e7f8-438b-ba64-5c34cb970f0b","Difficulty Scaling",
"PAL-59","Platformer","[Game Over] Make it Highscore","'- [X] The score becomes a highscore if it's higher than the current high score HighScore","Done",1,"No priority","bd6f42fb-a054-4a32-88f1-c4bd17f691b6","Platformer App","dallinlane@gmail.com","dallinlane@gmail.com","",,,,,"2025-01-02T23:58:01.739Z","2025-02-12T18:00:31.071Z",,,"2025-02-12T18:00:31.059Z",,,,"PAL-35","","02eef165-492b-496e-9884-1b38217f0109","GameOverScreen",
"PAL-58","Platformer","[Game Over] Quit Button","'- [X] A quit button that goes back to the main screen","Done",1,"No priority","bd6f42fb-a054-4a32-88f1-c4bd17f691b6","Platformer App","dallinlane@gmail.com","dallinlane@gmail.com","",,,,,"2025-01-02T23:57:02.245Z","2025-02-12T18:00:22.201Z",,,"2025-02-12T18:00:22.190Z",,,,"PAL-35","","02eef165-492b-496e-9884-1b38217f0109","GameOverScreen",
"PAL-57","Platformer","[Game Over] Restart Button","'- [X] A button that restarts the game if pressed","Done",1,"No priority","bd6f42fb-a054-4a32-88f1-c4bd17f691b6","Platformer App","dallinlane@gmail.com","dallinlane@gmail.com","",,,,,"2025-01-02T23:56:45.324Z","2025-02-12T18:00:01.228Z",,,"2025-02-12T18:00:01.219Z",,,,"PAL-35","","02eef165-492b-496e-9884-1b38217f0109","GameOverScreen",
"PAL-56","Platformer","[High Score] Label With Score","'- [X] A label with the actual score","Done",2,"No priority","bd6f42fb-a054-4a32-88f1-c4bd17f691b6","Platformer App","dallinlane@gmail.com","dallinlane@gmail.com","",,,,,"2025-01-02T23:54:32.301Z","2025-02-12T17:59:36.547Z",,,"2025-02-12T17:59:36.537Z",,,,"PAL-34","","91e5b1b9-e755-4efe-b9c7-9abb6ad279b2","HighScoreScreen",
"PAL-55","Platformer","[High Score] High Score Label","'- [X] A label that says HighScore","Done",2,"No priority","bd6f42fb-a054-4a32-88f1-c4bd17f691b6","Platformer App","dallinlane@gmail.com","dallinlane@gmail.com","",,,,,"2025-01-02T23:54:09.001Z","2025-02-12T17:59:28.606Z",,,"2025-02-12T17:59:28.589Z",,,,"PAL-34","","91e5b1b9-e755-4efe-b9c7-9abb6ad279b2","HighScoreScreen",
"PAL-54","Platformer","[Next Level ] Icon that shows the player","'- [X] Centered Icon of the player","Done",1,"No priority","bd6f42fb-a054-4a32-88f1-c4bd17f691b6","Platformer App","dallinlane@gmail.com","dallinlane@gmail.com","",,,,,"2025-01-02T23:52:02.310Z","2025-02-12T18:01:07.458Z",,,"2025-02-12T18:01:07.445Z",,,,"PAL-33","","d17abb7c-733d-48d0-89ad-c48d065cf616","Next Level Screen",
"PAL-53","Platformer","[Next Level] Label that Shows the Round number","'- [X] Label that shows the round number In the game title text","Done",1,"No priority","bd6f42fb-a054-4a32-88f1-c4bd17f691b6","Platformer App","dallinlane@gmail.com","dallinlane@gmail.com","",,,,,"2025-01-02T23:50:30.925Z","2025-02-12T18:01:00.224Z",,,"2025-02-12T18:01:00.213Z",,,,"PAL-33","","d17abb7c-733d-48d0-89ad-c48d065cf616","Next Level Screen",
"PAL-47","Platformer","[Advanced Features] Add a Waypoint in the middle of the level Incase the player dies","1. Goals
   1. Create a waypoint that functions perfectly
2. Acceptance Criteria
   - [X] Add a waypoint that's in the middle of the map on top of the ground
   - [X] The waypoint needs to be at least a few blocks away from the closest tile
   - [X] The waypoint moves at the same speed as the ground 
   - [X] Once the player passes the waypoint the waypoint is activated and is where the player will respawn if he dies","Done",3,"No priority","bd6f42fb-a054-4a32-88f1-c4bd17f691b6","Platformer App","dallinlane@gmail.com","dallinlane@gmail.com","",,,,,"2025-01-02T14:25:08.241Z","2025-02-09T14:26:05.335Z",,,"2025-02-09T14:26:05.324Z",,,,"PAL-31","","966150a5-3473-45bb-8946-50aa00130d38","Advanced Gameplay Features",
"PAL-45","Platformer","[Advanced Features] Create a trap for the Monster","1. Goals
   1. A block that falls on the monster to end the round
2. Acceptance Criteria
   - [X] Block that falls on the monster to end the round, when the monster is under it.
   - [X] When the trap falls on the monster, the monster stops moving, and the next round is triggered. There will be a 1-second delay.","Done",2,"No priority","bd6f42fb-a054-4a32-88f1-c4bd17f691b6","Platformer App","dallinlane@gmail.com","dallinlane@gmail.com","",,,,,"2025-01-02T14:24:47.321Z","2025-02-05T14:05:14.580Z",,,"2025-02-05T14:05:14.563Z",,,,"PAL-31","","966150a5-3473-45bb-8946-50aa00130d38","Advanced Gameplay Features",
"PAL-43","Platformer","[Advanced Features] Lives Label","1. Goals
   1. Create a lives label that represents the amount of lives the player has
2. Acceptance Criteria
   - [X] Create a lives label to the left of the of the score label.  
   - [X] Have hearts that are in the lives label and represent the amount of lives
   - [X] Make sure the label is fully functioning.","Done",2,"No priority","bd6f42fb-a054-4a32-88f1-c4bd17f691b6","Platformer App","dallinlane@gmail.com","dallinlane@gmail.com","",,,,,"2025-01-02T14:24:35.345Z","2025-02-04T13:00:38.655Z",,,"2025-02-04T13:00:38.640Z",,,,"PAL-31","","966150a5-3473-45bb-8946-50aa00130d38","Advanced Gameplay Features",
"PAL-42","Platformer","[Advanced Features] Create a score","1. Goals
   1. Create a score Label that fully functioning
2. Acceptance Criteria
   - [X] A Score Label at the top right of the screen
   - [X] The score increases by 10 for every tile the player gets past 
   - [X] The score increases by 1 for every percentage of the screen the player gets past 
   - [X] The Score label is positioned the same on every Device","Done",2,"No priority","bd6f42fb-a054-4a32-88f1-c4bd17f691b6","Platformer App","dallinlane@gmail.com","dallinlane@gmail.com","",,,,,"2025-01-02T14:24:27.880Z","2025-02-04T13:00:18.474Z",,,"2025-02-04T13:00:18.457Z",,,,"PAL-31","","966150a5-3473-45bb-8946-50aa00130d38","Advanced Gameplay Features",
"PAL-41","Platformer","[Design] Collision","1. Goals
   1. The Rules of collision for tiles, the monster,  and the player
2. Acceptance Criteria
   - [X] Stop the ground if the player is confronted with an Obstacle.
   - [X] Create a life variable & make sure that variable is fully functioning
   - [X] Lose a life if the monster touches the player.","Done",3,"No priority","bd6f42fb-a054-4a32-88f1-c4bd17f691b6","Platformer App","dallinlane@gmail.com","dallinlane@gmail.com","",,,,,"2025-01-02T00:23:13.216Z","2025-02-04T00:45:28.415Z",,,"2025-02-04T00:45:28.403Z",,,,"PAL-29","","9a18694b-a424-49a9-b2f0-692ccf29523d","GameScreen Core Mechanics",
"PAL-28","Platformer","[Auto-Layout] Verify The Settings are consistent on every device.","'- [X] The Labels and buttons don't change alignment depending on the device
- [X] the Color for every item is consistent on every device.","Done",,"No priority","bd6f42fb-a054-4a32-88f1-c4bd17f691b6","Platformer App","dallinlane@gmail.com",,"",,,,,"2024-12-31T13:46:20.051Z","2025-01-09T19:27:10.784Z",,,"2025-01-09T19:27:10.774Z",,,,"PAL-24","","c8b23a02-2598-4dfc-8620-7510d8363d2f","Main Screen Implementation",
"PAL-27","Platformer","[Auto-Layout] Highscore Button","'- [X] Position the Button
- [X] Adjust it's Size
- [X] Adjust it's colour","Done",,"No priority","bd6f42fb-a054-4a32-88f1-c4bd17f691b6","Platformer App","dallinlane@gmail.com",,"",,,,,"2024-12-31T13:45:53.967Z","2025-01-09T19:26:23.130Z",,,"2025-01-09T19:26:23.118Z",,,,"PAL-24","","c8b23a02-2598-4dfc-8620-7510d8363d2f","Main Screen Implementation",
"PAL-26","Platformer","[Auto-Layout] Play Button","'- [X] Position the Button
- [X] Adjust it's Size
- [X] Adjust it's colour","Done",,"No priority","bd6f42fb-a054-4a32-88f1-c4bd17f691b6","Platformer App","dallinlane@gmail.com",,"",,,,,"2024-12-31T13:45:20.556Z","2025-01-09T19:26:06.912Z",,,"2025-01-09T19:26:06.896Z",,,,"PAL-24","","c8b23a02-2598-4dfc-8620-7510d8363d2f","Main Screen Implementation",
"PAL-25","Platformer","[Auto-Layout] Game Title (Label)","'- [X] Position the Label
- [X] Adjust it's Size
- [X] Adjust it's colour","Done",,"No priority","bd6f42fb-a054-4a32-88f1-c4bd17f691b6","Platformer App","dallinlane@gmail.com",,"",,,,,"2024-12-31T13:44:39.199Z","2025-01-09T19:25:49.398Z",,,"2025-01-09T19:25:49.385Z",,,,"PAL-24","","c8b23a02-2598-4dfc-8620-7510d8363d2f","Main Screen Implementation",
"PAL-24","Platformer","Auto-Layout & Centring, and fixed sizes on all devices","### **Acceptance Criteria**:

1. **Game Title (Label)**:
   * Ensure this Label is Positioned Correctly and at the right Size and colour
2. **Play Button**:
   * Ensure this Button is Positioned Correctly and at the right Size and colour
3. **Highscore Button**:
   * Ensure this Button is Positioned Correctly and at the right Size and colour
4. Ensure these changes remain consistent on every physical and virtual device.","Done",,"No priority","bd6f42fb-a054-4a32-88f1-c4bd17f691b6","Platformer App","dallinlane@gmail.com","dallinlane@gmail.com","",,,,,"2024-12-31T13:43:59.219Z","2025-01-09T19:27:34.134Z",,,"2025-01-09T19:27:34.117Z",,,,"PAL-11","","c8b23a02-2598-4dfc-8620-7510d8363d2f","Main Screen Implementation",
"PAL-10","Platformer","Background colour for the app","'- [X]  Assign a global background Color & verify it is the same on every device","Done",1,"No priority","bd6f42fb-a054-4a32-88f1-c4bd17f691b6","Platformer App","dallinlane@gmail.com","dallinlane@gmail.com","",,,,,"2024-12-27T14:01:14.699Z","2025-01-03T13:20:19.486Z",,,"2025-01-03T13:20:19.469Z",,,,,"","c8b23a02-2598-4dfc-8620-7510d8363d2f","Main Screen Implementation",
"PAL-11","Platformer","Auto-Layout & Centring","","Done",3,"No priority","bd6f42fb-a054-4a32-88f1-c4bd17f691b6","Platformer App","dallinlane@gmail.com","dallinlane@gmail.com","",,,,,"2024-12-27T14:03:11.502Z","2025-01-09T19:27:29.008Z",,,"2025-01-09T19:27:28.953Z",,,,,"","c8b23a02-2598-4dfc-8620-7510d8363d2f","Main Screen Implementation",
"PAL-40","Platformer","[Design] Create Tiles that can go down","1. Goals
   1. A tile that is fully functional.
2. Acceptance Criteria
   - [X] A tile that can be dragged down and will stop when it hits the ground
   - [X] A tile that rotated left or right by swiping in either direction
   - [X] The tile spawns where the ground needs it. (The frequency will be determined in the difficulty scaling mile stone, for now it will just be one tile per level)
   - [X] If the tile is a stair the player needs to be able to go up","Done",5,"No priority","bd6f42fb-a054-4a32-88f1-c4bd17f691b6","Platformer App","dallinlane@gmail.com","dallinlane@gmail.com","",,,,,"2025-01-01T23:41:55.265Z","2025-01-30T13:30:41.982Z",,,"2025-01-30T13:30:41.970Z",,,,"PAL-29","","9a18694b-a424-49a9-b2f0-692ccf29523d","GameScreen Core Mechanics",
"PAL-39","Platformer","[Design] Create An automated Monster","1. Goals
   1. Create a monster that moves at the speed of the ground. 
2. Acceptance Criteria
   - [X] Create a monster block that goes at the player if the player is stopped
   - [X] The monster also moves if the ground is at the end
   - [X] Verify it looks the same on every device.","Done",2,"No priority","bd6f42fb-a054-4a32-88f1-c4bd17f691b6","Platformer App","dallinlane@gmail.com","dallinlane@gmail.com","",,,,,"2025-01-01T23:41:31.034Z","2025-01-30T13:30:20.426Z",,,"2025-01-30T13:30:20.400Z",,,,"PAL-29","","9a18694b-a424-49a9-b2f0-692ccf29523d","GameScreen Core Mechanics",
"PAL-38","Platformer","[Design] Creating An automated Character","1. Goals
   1. Create a character that is, on the ground. The character is at a third of the screen and remains there unless it is stalled. once the end of the map the character does actually move further on the screen.
2. Acceptance Criteria
   - [X] Create a character
   - [X] Make the Character always start on top of the ground and at roughtly a third of the screen width
   - [X] Make sure it looks the same on every device.
   - [X] If the ground comes to an end the player actually moves to reach the end
   - [X] The player needs to be able to go down if the ground goes down","Done",3,"No priority","bd6f42fb-a054-4a32-88f1-c4bd17f691b6","Platformer App","dallinlane@gmail.com","dallinlane@gmail.com","",,,,,"2025-01-01T23:40:41.206Z","2025-01-30T13:30:06.328Z",,,"2025-01-30T13:30:06.313Z",,,,"PAL-29","","9a18694b-a424-49a9-b2f0-692ccf29523d","GameScreen Core Mechanics",
"PAL-37","Platformer","[Design] Create A Ground That goes Past the screen","1. Goals
   1. Create a ground that gets marginally larger every time it regenerates. The ground also auto Scrolls. The ground does stop when the end of it is reached. The ground changes in height though!
2. Scope
   1. This ticket will simply create blocks (With Different Heights)that will temporarily be the ground and it is longer then the screen at first
3. Acceptance Criteria
   - [X] A method must be used to create the ground 
   - [X] The method needs to make sure that the ground gets larger every round (A round variable must be stored as a user defaults)
   - [X] The ground must be at a 25% of the screen height & it must be consistent on every device.
   - [X] The Ground needs to have gaps so tiles can be placed, and the frequency needs to be roughly once every specific space; It also needs to be random as to whether it's a hill or a hole. these spots need to be stored so the tiles can be spawned where those locations are.","Done",3,"No priority","bd6f42fb-a054-4a32-88f1-c4bd17f691b6","Platformer App","dallinlane@gmail.com","dallinlane@gmail.com","",,,,,"2025-01-01T23:40:27.294Z","2025-01-10T21:57:22.459Z",,,"2025-01-10T21:57:22.449Z",,,,"PAL-29","","9a18694b-a424-49a9-b2f0-692ccf29523d","GameScreen Core Mechanics",
"PAL-35","Platformer","Game Over Screen","1. Restart Button
2. Quit Button","Done",,"No priority","bd6f42fb-a054-4a32-88f1-c4bd17f691b6","Platformer App","dallinlane@gmail.com","dallinlane@gmail.com","",,,,,"2025-01-01T22:25:32.697Z","2025-02-12T18:00:38.991Z",,,"2025-02-12T18:00:38.981Z",,,,,"","02eef165-492b-496e-9884-1b38217f0109","GameOverScreen",
"PAL-34","Platformer","High Score Screen","1. High Score Label
2. Label With Score","Done",,"No priority","bd6f42fb-a054-4a32-88f1-c4bd17f691b6","Platformer App","dallinlane@gmail.com","dallinlane@gmail.com","",,,,,"2025-01-01T22:23:18.668Z","2025-02-12T17:59:43.772Z",,,"2025-02-12T17:59:43.761Z",,,,,"","91e5b1b9-e755-4efe-b9c7-9abb6ad279b2","HighScoreScreen",
"PAL-33","Platformer","Next Level Screen","1. Label that Shows the Round number
2. Icon that shows the player","Done",,"No priority","bd6f42fb-a054-4a32-88f1-c4bd17f691b6","Platformer App","dallinlane@gmail.com","dallinlane@gmail.com","",,,,,"2025-01-01T22:20:20.308Z","2025-02-12T18:01:13.844Z",,,"2025-02-12T18:01:13.834Z",,,,,"","d17abb7c-733d-48d0-89ad-c48d065cf616","Next Level Screen",
"PAL-31","Platformer","Advanced Features","1. Create a score that Works 
2. Lives label
3. Create a trap for the Monster
4. Add a Waypoint in the middle of the level Incase the player dies ","Done",,"No priority","bd6f42fb-a054-4a32-88f1-c4bd17f691b6","Platformer App","dallinlane@gmail.com",,"",,,,,"2025-01-01T22:10:46.973Z","2025-02-09T14:26:12.738Z",,,"2025-02-09T14:26:12.726Z",,,,"PAL-30","","966150a5-3473-45bb-8946-50aa00130d38","Advanced Gameplay Features",
"PAL-29","Platformer","Design the GameScreen","1. Create A Ground That goes Past the screen
2. Creating An automated Character 
3. Create An automated Monster
4. Create Tiles that can go down","Done",,"No priority","bd6f42fb-a054-4a32-88f1-c4bd17f691b6","Platformer App","dallinlane@gmail.com","dallinlane@gmail.com","",,,,,"2025-01-01T22:05:20.526Z","2025-02-04T00:45:39.535Z",,,"2025-02-04T00:45:39.516Z",,,,,"","9a18694b-a424-49a9-b2f0-692ccf29523d","GameScreen Core Mechanics",
"PAL-30","Platformer","Advanced Features","","Done",,"No priority","bd6f42fb-a054-4a32-88f1-c4bd17f691b6","Platformer App","dallinlane@gmail.com","dallinlane@gmail.com","",,,,,"2025-01-01T22:10:06.308Z","2025-02-09T14:26:17.850Z",,,"2025-02-09T14:26:17.840Z",,,,,"","966150a5-3473-45bb-8946-50aa00130d38","Advanced Gameplay Features",
"PAL-2","Platformer","3 ways to navigate Linear: Command menu, keyboard or mouse","`Cmd/Ctrl` `K` **is our most powerful feature.** 

Use it to search for or take any action in the app.

[cf798178-b3bc-4ae1-b24f-577d4871ae5d](https://uploads.linear.app/fe63b3e2-bf87-46c0-8784-cd7d639287c8/f477604b-f0d2-4ade-8a7a-571830a3b5de/cf798178-b3bc-4ae1-b24f-577d4871ae5d)

If you prefer to use a mouse, right click over any issue for **contextual menus**. They're a great way to learn the keyboard shortcuts, too.

![CleanShot 2023-07-10 at 16.03.57.png](https://uploads.linear.app/fe63b3e2-bf87-46c0-8784-cd7d639287c8/11668d24-67e7-431d-9c7d-4bb5f409cae8/650d277b-cc1e-498b-aabd-8d04e8f57680)

If you prefer **keyboard shortcuts**, typeÂ `?` to view our full list.","Canceled",,"Medium",,,,,"",,,,,"2024-12-27T13:29:15.183Z","2024-12-27T14:40:41.103Z",,,,"2024-12-27T14:40:41.091Z",,,,"",,,
"PAL-4","Platformer","Connect GitHub or GitLab","Connect your account to link issues to pull/merge requests and automate your workflow:

* Link Linear issues to pull requests.
* Automatically update an issue's status when PRs are created or merged.
* Connect one or multiple repos.

[Connect GitHub or GitLab â†’](https://linear.app/settings/integrations/github)

## Setup tips

#### How to link a Linear issue to a PR

* **Branch name** (e.g. ""LIN-123"" or ""username/LIN-123""). To quickly copy branch name for an issue to your clipboard, press `Cmd/Ctrl` `Shift` `.`
* **Pull request title** (e.g. ""GitHub Workflow LIN-123"")
* **Pull request description** (e.g. *Fixes LIN-123, Resolves LIN-123*) â€“Â it will not work if entered in commits or comments.

#### When you link a Linear issue to a PR, Linear will:

* Create a link to the PR in the Linear issue.
* Comment on the PR with a link back to the Linear issue.
* Once PR has been opened, Linear will change the status of the issue to ""In Progress"".
* Once PR has been merged, Linear will change the status of the issue as ""Done"".

#### Suggested Workflow

1. Select or create the issue you want to work on next.
2. Open the command menu (`Cmd` `K` on Mac, or `Ctrl` `K` on Windows) and select **Copy git branch name,** or use the shortcut `Cmd/Ctrl` `Shift` `.`
3. This will copy the git branch name to your clipboard (e.g. `username/LIN-123-github-workflow`
4. Paste the branch name to your git checkout command to create a new branch: `git checkout -b username/LIN-123-github-workflow`
5. Make your changes and push the branch to GitHub and open a pull request
6. Once the pull request is open, Linear will comment on the PR and change the issue state to **In Progress***.* 
7. Once the PR merged, Linear will change the status to Done.

Read full integration instructions for [GitHub](https://linear.app/docs/github) and [GitLab â†’](https://linear.app/docs/gitlab)","Canceled",,"Medium",,,,,"",,,,,"2024-12-27T13:29:15.183Z","2024-12-27T14:40:32.585Z",,,,"2024-12-27T14:40:32.573Z",,,,"",,,
"PAL-5","Platformer","Customize settings","Go to [settings](https://linear.app/settings) to enable features such as initiatives, explore features and add integrations. Use `G` then `S` to get there.

Visit individual [team settings](https://linear.app/settings/teams/) to customize features on a team level.

* Configure automated issue workflows for issues linked to PRs
* Add or edit *workflow statuses*, and *labels*
* Add team Slack notifications
* Create reusable *templates*. Use the keyboard shortcut `Alt` `C` to quickly create new issues from templates
* Set your *estimate* scale and enableÂ *cycles*
* Configure time-saving features such as *Auto-close* and *Auto-archive*

![image.png](https://uploads.linear.app/fe63b3e2-bf87-46c0-8784-cd7d639287c8/9fc1632b-893e-422c-939f-0cdc9d009b37/image.png)","Canceled",,"Medium",,,,,"",,,,,"2024-12-27T13:29:15.183Z","2024-12-27T14:40:36.227Z",,,,"2024-12-27T14:40:36.217Z",,,,"",,,
"PAL-3","Platformer","Connect to Slack","If your team uses Slack, enable this integration to keep your workflow and communication in sync. 

* See issue updates in a dedicated channel.
* Use the `/linear` command to create new issues from Slack messages.
* Sync comments between Slack and Linear.
* Set up personal Slack notifications.
* Import custom emoji ðŸ¥³ to your Linear workspace.

[Connect Slack â†’](https://linear.app/settings/integrations/slack)","Canceled",,"Medium",,,,,"",,,,,"2024-12-27T13:29:15.183Z","2024-12-27T14:40:25.341Z",,,,"2024-12-27T14:40:25.326Z",,,,"",,,
"PAL-9","Platformer","Next steps","You're all set to use Linear. 

**Want to learn more?**

* Check out our [docs](https://linear.app/docs) to dive into specific features
* Learn about new features in weekly[ changelogs](https://linear.app/changelog)
* Read the [Linear Method](https://linear.app/linear-method), our approach to software building
* Join our Linear Customer Slack at this [link](http://linear.app/join-slack)

**ProTip: How to trial Linear on your team**

* Use our [in-app importer](https://linear.app/settings/import-export) to add issues from Jira, Asana, Shortcut or GitHub
* Trial it on your team. Pick a project or sprint, invite a few coworkers, add key integrations like Slack and GitHub to experience the full workflow.

## Have a question?

Reach out to us via the *Contact us* option by hitting `?`.","Canceled",,"Low",,,,,"",,,,,"2024-12-27T13:29:15.183Z","2024-12-27T14:41:04.411Z",,,,"2024-12-27T14:41:04.269Z",,,,"",,,
"PAL-7","Platformer","Use Projects to organize work for features or releases","Projects are meant for larger initiatives you have for your company.

* Share projects with multiple teams.
* Set a target date and milestones.
* View progress and estimate completion timeframe with graphs.
* Add overviews, documents and other resources to plan together.
* Share project updates with your team to keep everyone in the loop.

![CleanShot 2024-02-29 at 17.42.09.png](https://uploads.linear.app/fe63b3e2-bf87-46c0-8784-cd7d639287c8/dd3e319f-a2dc-4dad-81fe-925eb4b71bd0/a74b9535-5e1d-4dca-b22d-8ba4895dd272)

Learn more about Projects in theÂ [Linear Guide â†’](https://linear.app/docs/projects)","Canceled",,"Low",,,,,"",,,,,"2024-12-27T13:29:15.183Z","2024-12-27T14:40:51.032Z",,,,"2024-12-27T14:40:51.016Z",,,,"",,,
"PAL-6","Platformer","Use Cycles to focus work over nâ€“weeks","Cycles are a practice to keep up your team's momentum. They're similar to agile flavored sprints but help focus your work without tying it to a release date or feature.

* Customize cycles to last between 1-8 weeks.
* Add issues manually or automatically move issues markedÂ *Todo*Â to your current cycle.
* Follow progress over time with cycle graphs.
* Any uncompleted issues roll to the next cycle automatically.

![CleanShot 2023-07-10 at 16.22.23.png](https://uploads.linear.app/fe63b3e2-bf87-46c0-8784-cd7d639287c8/29272f4b-ee87-487f-9191-2f4f2fcc14a7/ad0f609e-d9d4-45f0-870c-a0b1c1f305ab)

> *âœ¨**ProTip:**Â Quickly run meetings with the cycles sidebar. Filter issues by assignee and then ask each member to share updates and blockers. At Linear, we run 2-week cycles and follow this format at the beginning of each cycle.*

Read more about cycles in the [Linear Guide â†’](https://linear.app/docs/use-cycles)","Canceled",,"Low",,,,,"",,,,,"2024-12-27T13:29:15.183Z","2024-12-27T14:40:46.025Z",,,,"2024-12-27T14:40:46.016Z",,,,"",,,
"PAL-8","Platformer","Invite your teammates","Invite others to your workspace in [settings](http://linear.app/settings/members). 
Read more about roles and permissions in our [docs.](https://linear.app/docs/adding-and-managing-members)","Canceled",,"Low",,,,,"",,,,,"2024-12-27T13:29:15.183Z","2024-12-27T14:40:55.972Z",,,,"2024-12-27T14:40:55.962Z",,,,"",,,
"PAL-50","Platformer","[Difficulty Scaling] Tile Height","1. Goals
   1. The tiles will increase in height and their frequency will be somewhat randomized
2. Acceptance Criteria
   - [ ] The tiles can be stacked to increase the height the character must climb.
   - [ ] This will be randomised, and will be more frequent the more rounds the player survives 
   - [ ] The ground height will need a limit for both maximum height and maximum depth so the player is visible on the screen","Canceled",2,"No priority","bd6f42fb-a054-4a32-88f1-c4bd17f691b6","Platformer App","dallinlane@gmail.com","dallinlane@gmail.com","",,,,,"2025-01-02T22:17:45.634Z","2025-02-13T13:38:52.094Z",,,,"2025-02-13T13:38:52.079Z",,,"PAL-32","","072ecf6e-e7f8-438b-ba64-5c34cb970f0b","Difficulty Scaling",
"PAL-49","Platformer","[Difficulty Scaling] Tile Frequency","1. Goals
   1. Set the tile frequency, and somewhat randomize it
2. Acceptance Criteria
   - [ ] As the ground gets larger, there needs to be a higher frequency of tiles being produced.
   - [ ] The tile production needs to be slightly random, but it needs to be correlated directly with the map size (So for every 10 blocks there needs to be one tile, but the tile could be closer to the previous one than the next one.)","Canceled",2,"No priority","bd6f42fb-a054-4a32-88f1-c4bd17f691b6","Platformer App","dallinlane@gmail.com","dallinlane@gmail.com","",,,,,"2025-01-02T22:16:37.653Z","2025-02-13T13:39:05.879Z",,,,"2025-02-13T13:39:05.860Z",,,"PAL-32","","072ecf6e-e7f8-438b-ba64-5c34cb970f0b","Difficulty Scaling",
"PAL-23","Platformer","[Enum] Incorporate Enum Parameters for styleButtons(), and configTitleLabel()","'- [ ] Add enum property for styleButtons()
- [ ] Add enum property for configTitleLabel()","Canceled",,"No priority","bd6f42fb-a054-4a32-88f1-c4bd17f691b6","Platformer App","dallinlane@gmail.com",,"",,,,,"2024-12-31T13:40:11.227Z","2025-01-09T19:35:13.027Z",,,,"2025-01-09T19:35:12.959Z",,,"PAL-20","","c8b23a02-2598-4dfc-8620-7510d8363d2f","Main Screen Implementation",
"PAL-21","Platformer","[Enum] Create an Enum file",,"Canceled",,"No priority","bd6f42fb-a054-4a32-88f1-c4bd17f691b6","Platformer App","dallinlane@gmail.com",,"",,,,,"2024-12-31T13:37:58.702Z","2025-01-09T19:35:12.910Z",,,,"2025-01-09T19:35:12.891Z",,,"PAL-20","","c8b23a02-2598-4dfc-8620-7510d8363d2f","Main Screen Implementation",
"PAL-20","Platformer","Enum (Primary, Secondary, .ect) for the UIStyle Methods.","","Canceled",,"No priority","bd6f42fb-a054-4a32-88f1-c4bd17f691b6","Platformer App","dallinlane@gmail.com","dallinlane@gmail.com","",,,,,"2024-12-31T13:37:30.730Z","2025-01-09T19:35:12.024Z",,,,"2025-01-09T19:35:12.010Z",,,"PAL-12","","c8b23a02-2598-4dfc-8620-7510d8363d2f","Main Screen Implementation",
"PAL-12","Platformer","Enums in UIstyle","","Canceled",1,"No priority","bd6f42fb-a054-4a32-88f1-c4bd17f691b6","Platformer App","dallinlane@gmail.com","dallinlane@gmail.com","",,,,,"2024-12-27T14:05:09.756Z","2025-01-09T19:36:00.335Z",,,,"2025-01-09T19:36:00.212Z",,,,"","c8b23a02-2598-4dfc-8620-7510d8363d2f","Main Screen Implementation",